{
	"build": {
		"core": "arduino",
		"cpu": "cortex-m0plus",
		"extra_flags": "-D ARDUINO_RASPBERRY_PI_PICO -DARDUINO_ARCH_RP2040",
		"f_cpu": "133000000L",
		"hwids": [
			[
				"0x2E8A",
				"0x00C0"
			]
		],
		"mcu": "rp2040",
		"variant": "rak11300"
	},
	"debug": {
		"jlink_device": "RP2040_M0_0",
		"openocd_target": "rp2040.cfg",
		"svd_path": "rp2040.svd"
	},
	"frameworks": [
		"arduino"
	],
	"name": "WisBlock RAK11300",
	"upload": {
		"maximum_ram_size": 270336,
		"maximum_size": 2097152,
		"require_upload_port": true,
		"native_usb": true,
		"use_1200bps_touch": true,
		"wait_for_upload_port": false,
		"protocol": "picotool",
		"protocols": [
			"cmsis-dap",
			"jlink",
			"raspberrypi-swd",
			"picotool"
		]
	},
	"url": "https://docs.rakwireless.com/",
	"vendor": "RAKwireless"
}